,Competitiveness,Generalism,Specialization
1,239.58333333333286,0.30000000000000004,4
2,39.47368421052633,1.3,2
3,50.0,0.5,1
4,8.42696629213483,2.8,1
5,18.29268292682926,1.8,1
