,Competitiveness,Generalism,Specialization
1,0.9042229123600034,0.30000000000000004,4
2,0.9160818683345002,1.3,2
3,0.9376164627831506,0.5,1
4,0.9339704121544985,2.8,1
5,0.9332390455903441,1.8,1
