,Competitiveness,Generalism,Specialization
1,0.9389246910786563,1.5,1
2,0.9176752508851729,2.8,1
3,0.9278689629886555,2.7,1
4,0.927137596424501,1.7,1
5,0.913524199845511,1.2,3
