,Competitiveness,Generalism,Specialization
1,12.5,1.5,1
2,22.058823529411768,2.8,1
3,11.146496815286623,2.7,1
4,23.97260273972602,1.7,1
5,32.9861111111111,1.2,3
